<?xml version="1.0" encoding="utf-8" ?>
<dwsync>
<file name="styles_wd3_a_04.css" server="C:/wamp/www/wd3_day_05/" local="130354152890000000" remote="130354152890000000" Dst="1" />
<file name="reset.css" server="C:/wamp/www/wd3_day_05/" local="130335949770000000" remote="130335949770000000" Dst="1" />
<file name="typography.css" server="C:/wamp/www/wd3_day_05/" local="130678905884401295" remote="130678905880000000" Dst="1" />
<file name="prism.css" server="C:/wamp/www/wd3_day_05/" local="129883297660000000" remote="129883297660000000" Dst="1" />
<file name="layout.css" server="C:/wamp/www/wd3_day_05/" local="130678974749392052" remote="130678974740000000" Dst="1" />
<file name="styles.css" server="C:/wamp/www/wd3_day_05/" local="130352406270000000" remote="130352406270000000" Dst="1" />
<file name="styles_light.css" server="C:/wamp/www/wd3_day_05/" local="130360149020000000" remote="130360149020000000" Dst="1" />
<file name="styles_dark.css" server="C:/wamp/www/wd3_day_05/" local="130360302040000000" remote="130360302040000000" Dst="1" />
<file name="styles_fullscreen.css" server="C:/wamp/www/wd3_day_05/" local="130678983740143402" remote="130678983740000000" Dst="1" />
</dwsync>