<?xml version="1.0" encoding="UTF-8" ?>
<people>
	<person>
		<picture>http://lorempixel.com/64/64/people/</picture>
		<age>33</age>
		<name>Katheryn Hendrix</name>
		<gender>female</gender>
		<company>Sultrax</company>
		<email>katherynhendrix@sultrax.com</email>
		<phone>+1 (869) 452-2910</phone>
		<address>916 Dennett Place, Lithium, Vermont, 437</address>
		<about>Aute ipsum voluptate ad sit fugiat laborum officia veniam elit tempor anim officia laborum amet. Fugiat ex incididunt consequat quis aliquip nostrud consequat officia. Do et exercitation quis do deserunt quis voluptate. Irure adipisicing officia veniam amet aliquip voluptate officia excepteur. Aliquip eu anim non nisi occaecat ut tempor ut. Elit ad anim labore adipisicing Lorem labore amet in. Eiusmod pariatur dolore elit est aute cupidatat in ex sint ex occaecat.
</about>
	</person>
	<person>
		<picture>http://lorempixel.com/64/64/people/</picture>
		<age>30</age>
		<name>Schroeder Le</name>
		<gender>male</gender>
		<company>Assistia</company>
		<email>schroederle@assistia.com</email>
		<phone>+1 (965) 423-3268</phone>
		<address>574 Saratoga Avenue, Omar, Connecticut, 9424</address>
		<about>Cillum magna consectetur est magna exercitation sit cillum dolore. Minim non ipsum ea ipsum. Elit laboris anim officia mollit quis deserunt minim enim officia cupidatat. Nulla officia fugiat duis labore culpa nulla dolor voluptate occaecat ut do.
</about>
	</person>
	<person>
		<picture>http://lorempixel.com/64/64/people/</picture>
		<age>35</age>
		<name>Kathie Carpenter</name>
		<gender>female</gender>
		<company>Joviold</company>
		<email>kathiecarpenter@joviold.com</email>
		<phone>+1 (889) 517-2241</phone>
		<address>841 Ainslie Street, Harborton, Montana, 1316</address>
		<about>Nostrud quis anim anim qui cupidatat cillum deserunt mollit minim sit. Occaecat cillum officia est ea. Minim laborum Lorem elit est adipisicing laborum nostrud. Officia duis esse minim culpa ullamco tempor elit id ipsum minim et non Lorem ut. Irure mollit anim qui nisi aute officia ipsum dolor. Est dolore deserunt laborum proident aute est in cillum. Irure exercitation minim commodo reprehenderit reprehenderit elit culpa.
</about>
	</person>
	<person>
		<picture>http://lorempixel.com/64/64/people/</picture>
		<age>40</age>
		<name>Glenda Hines</name>
		<gender>female</gender>
		<company>Rockabye</company>
		<email>glendahines@rockabye.com</email>
		<phone>+1 (977) 451-2447</phone>
		<address>873 National Drive, Snyderville, South Carolina, 1256</address>
		<about>Magna consequat sunt dolore eiusmod deserunt anim cupidatat ut ad nulla. Cillum dolore reprehenderit est pariatur duis mollit duis exercitation do laborum fugiat. Dolor ullamco incididunt id laborum. Laboris commodo incididunt veniam sit nostrud reprehenderit dolore ea nisi et nostrud proident culpa cillum. Sit id minim officia duis deserunt mollit ullamco. Cillum duis id magna dolore magna incididunt officia eu occaecat occaecat labore aute nostrud irure. Consectetur veniam ullamco qui consequat fugiat et proident anim ut sit deserunt culpa eu fugiat.
</about>
	</person>
	<person>
		<picture>http://lorempixel.com/64/64/people/</picture>
		<age>35</age>
		<name>Evangeline Travis</name>
		<gender>female</gender>
		<company>Mondicil</company>
		<email>evangelinetravis@mondicil.com</email>
		<phone>+1 (993) 546-2451</phone>
		<address>338 Agate Court, Eastvale, Florida, 6145</address>
		<about>Est adipisicing tempor aute in voluptate labore quis nostrud sint excepteur veniam quis labore. Et esse amet esse eiusmod sint. Consectetur fugiat ipsum sint velit aute magna esse laborum eu. Id est pariatur ut duis. Esse nulla Lorem ipsum in laborum.
</about>
	</person>
	<person>
		<picture>http://lorempixel.com/64/64/people/</picture>
		<age>40</age>
		<name>Greta Nelson</name>
		<gender>female</gender>
		<company>Junipoor</company>
		<email>gretanelson@junipoor.com</email>
		<phone>+1 (831) 509-3085</phone>
		<address>960 Congress Street, Waikele, Iowa, 9521</address>
		<about>Labore voluptate tempor Lorem in sit quis deserunt. Minim ullamco velit proident ad. Enim ex labore minim sunt duis incididunt tempor aliqua irure.
</about>
	</person>
	<person>
		<picture>http://lorempixel.com/64/64/people/</picture>
		<age>32</age>
		<name>Tate Beach</name>
		<gender>male</gender>
		<company>Sarasonic</company>
		<email>tatebeach@sarasonic.com</email>
		<phone>+1 (975) 464-3950</phone>
		<address>982 Lott Street, Avoca, Pennsylvania, 5168</address>
		<about>Occaecat esse sint fugiat aute. Labore ea cillum ipsum deserunt magna. Ad ullamco do sunt dolore officia et ipsum commodo. Ad deserunt pariatur id enim do sit.
</about>
	</person>
	<person>
		<picture>http://lorempixel.com/64/64/people/</picture>
		<age>40</age>
		<name>Byrd Dennis</name>
		<gender>male</gender>
		<company>Medmex</company>
		<email>byrddennis@medmex.com</email>
		<phone>+1 (988) 421-3197</phone>
		<address>205 Lefferts Place, Oceola, California, 2918</address>
		<about>Fugiat anim ullamco reprehenderit ipsum Lorem. Et enim culpa ex irure aliquip quis ut nostrud. Velit aliqua quis in culpa dolor cupidatat in aute.
</about>
	</person>
	<person>
		<picture>http://lorempixel.com/64/64/people/</picture>
		<age>21</age>
		<name>Heather Ball</name>
		<gender>female</gender>
		<company>Zogak</company>
		<email>heatherball@zogak.com</email>
		<phone>+1 (802) 432-3399</phone>
		<address>910 Gerald Court, Tyro, Oregon, 7016</address>
		<about>Fugiat cillum officia anim non veniam magna ullamco. Voluptate commodo aliquip dolor proident do aliqua eu ut officia esse do ad. Fugiat ex quis fugiat non aliquip labore reprehenderit anim magna officia anim aute consectetur. Aliquip labore aute veniam tempor eiusmod sunt nulla fugiat sit in aliquip exercitation velit. Ullamco dolor aute deserunt enim.
</about>
	</person>
	<person>
		<picture>http://lorempixel.com/64/64/people/</picture>
		<age>32</age>
		<name>Florine Herman</name>
		<gender>female</gender>
		<company>Cujo</company>
		<email>florineherman@cujo.com</email>
		<phone>+1 (989) 458-2746</phone>
		<address>142 Herkimer Place, Nogal, Arkansas, 7820</address>
		<about>Do sit cillum quis ea amet labore. Elit duis duis tempor consectetur do elit. Occaecat ullamco veniam culpa dolor. Fugiat veniam cillum consequat non id esse tempor. Minim dolor pariatur eu proident sit consectetur adipisicing laborum esse ad ipsum.
</about>
	</person>
	<person>
		<picture>http://lorempixel.com/64/64/people/</picture>
		<age>27</age>
		<name>Allen Ryan</name>
		<gender>male</gender>
		<company>Amril</company>
		<email>allenryan@amril.com</email>
		<phone>+1 (950) 545-2955</phone>
		<address>202 Richardson Street, Zortman, North Dakota, 7861</address>
		<about>Commodo veniam nisi fugiat adipisicing duis sit est sint sit adipisicing aliqua nisi. Consequat est est quis laboris laborum enim amet minim ex dolor. Cupidatat culpa Lorem nostrud enim. Officia commodo exercitation incididunt cupidatat reprehenderit adipisicing labore.
</about>
	</person>
	<person>
		<picture>http://lorempixel.com/64/64/people/</picture>
		<age>38</age>
		<name>Nolan Emerson</name>
		<gender>male</gender>
		<company>Magnemo</company>
		<email>nolanemerson@magnemo.com</email>
		<phone>+1 (899) 530-3632</phone>
		<address>189 Hunterfly Place, Magnolia, Massachusetts, 9478</address>
		<about>Aliqua est Lorem reprehenderit quis irure mollit velit. Reprehenderit ullamco cillum mollit ex. Tempor proident et ad sint fugiat labore.
</about>
	</person>
	<person>
		<picture>http://lorempixel.com/64/64/people/</picture>
		<age>28</age>
		<name>Hyde Mcfadden</name>
		<gender>male</gender>
		<company>Ebidco</company>
		<email>hydemcfadden@ebidco.com</email>
		<phone>+1 (848) 502-2577</phone>
		<address>377 Frank Court, Enetai, West Virginia, 9736</address>
		<about>Sint ut enim aliquip duis sunt reprehenderit pariatur cupidatat eu veniam reprehenderit laboris ipsum deserunt. Ex pariatur commodo ullamco id mollit veniam culpa nostrud officia in et in. Mollit culpa ullamco consectetur eu sit. Cillum ipsum aliquip consectetur labore aliquip sunt. Ea adipisicing veniam commodo pariatur do. Qui excepteur pariatur elit in elit esse dolor eu tempor Lorem ipsum.
</about>
	</person>
	<person>
		<picture>http://lorempixel.com/64/64/people/</picture>
		<age>23</age>
		<name>Vera Woodard</name>
		<gender>female</gender>
		<company>Ultrasure</company>
		<email>verawoodard@ultrasure.com</email>
		<phone>+1 (870) 415-2968</phone>
		<address>307 Newport Street, Defiance, North Carolina, 1929</address>
		<about>Ea ullamco ipsum laboris ut fugiat ut nostrud esse nulla pariatur consectetur magna nisi sint. Sunt id irure mollit exercitation aliquip non aliqua ex aute tempor adipisicing dolore reprehenderit. Laboris dolor adipisicing ullamco ut enim. Qui occaecat nostrud excepteur proident anim sit elit ullamco. Occaecat enim nulla est amet nulla voluptate.
</about>
	</person>
	<person>
		<picture>http://lorempixel.com/64/64/people/</picture>
		<age>23</age>
		<name>Mavis Hoffman</name>
		<gender>female</gender>
		<company>Zilladyne</company>
		<email>mavishoffman@zilladyne.com</email>
		<phone>+1 (960) 521-3884</phone>
		<address>336 Gerry Street, Byrnedale, Kansas, 8276</address>
		<about>Laboris ut est irure enim cillum amet culpa deserunt reprehenderit incididunt et nostrud. Aute ex adipisicing duis veniam id in consectetur. Cupidatat Lorem nisi reprehenderit do excepteur irure laboris dolore ea irure dolor non. Cillum elit ex in minim proident amet est eu laborum et minim duis ut.
</about>
	</person>
	<person>
		<picture>http://lorempixel.com/64/64/people/</picture>
		<age>20</age>
		<name>Georgia Craft</name>
		<gender>female</gender>
		<company>Eyeris</company>
		<email>georgiacraft@eyeris.com</email>
		<phone>+1 (813) 589-2135</phone>
		<address>712 Johnson Street, Escondida, Texas, 2952</address>
		<about>Dolore culpa dolor id incididunt aliqua et quis irure reprehenderit dolor occaecat aliquip elit. Nostrud reprehenderit tempor proident magna consectetur cupidatat culpa eu nulla. Velit irure commodo eu voluptate occaecat anim minim sunt id. Do elit pariatur pariatur dolor eiusmod. Deserunt eiusmod mollit cillum ullamco id aliqua pariatur nostrud ex Lorem duis.
</about>
	</person>
	<person>
		<picture>http://lorempixel.com/64/64/people/</picture>
		<age>31</age>
		<name>Sheila Williamson</name>
		<gender>female</gender>
		<company>Exoblue</company>
		<email>sheilawilliamson@exoblue.com</email>
		<phone>+1 (961) 497-3309</phone>
		<address>223 Brooklyn Avenue, Grayhawk, Virginia, 199</address>
		<about>Minim duis amet mollit consectetur quis ad est dolore incididunt qui tempor magna. Veniam magna laborum est adipisicing pariatur adipisicing occaecat nisi aliquip non do labore cupidatat. In ipsum aute nisi ut anim. Exercitation eiusmod do commodo amet labore eiusmod laborum incididunt nisi minim magna minim nostrud id.
</about>
	</person>
	<person>
		<picture>http://lorempixel.com/64/64/people/</picture>
		<age>22</age>
		<name>Fisher Brady</name>
		<gender>male</gender>
		<company>Portica</company>
		<email>fisherbrady@portica.com</email>
		<phone>+1 (918) 572-2605</phone>
		<address>770 Pitkin Avenue, Edmund, Idaho, 1222</address>
		<about>Nulla sint fugiat fugiat exercitation officia mollit excepteur. Excepteur dolore aute laborum qui. Qui pariatur consectetur esse duis. Ullamco aliquip deserunt id occaecat exercitation est veniam esse ut nostrud laboris non culpa. Exercitation amet aliqua voluptate incididunt cillum occaecat enim reprehenderit consectetur labore cupidatat tempor laboris. Incididunt reprehenderit ea ad aliquip labore incididunt velit aute nulla sint ullamco fugiat.
</about>
	</person>
	<person>
		<picture>http://lorempixel.com/64/64/people/</picture>
		<age>26</age>
		<name>Barbra Ratliff</name>
		<gender>female</gender>
		<company>Kidgrease</company>
		<email>barbraratliff@kidgrease.com</email>
		<phone>+1 (996) 561-3864</phone>
		<address>719 Calder Place, Sheatown, Louisiana, 7823</address>
		<about>Sit exercitation ullamco et sint. Laboris dolor ullamco ipsum nulla veniam aute Lorem proident nisi aliqua non minim commodo. Nostrud eiusmod proident occaecat in eu ipsum elit duis eu. Adipisicing culpa cupidatat ullamco laborum. Nisi Lorem sint minim deserunt proident et nostrud ad proident. Velit id quis cillum enim commodo ea. Ad reprehenderit exercitation elit ea excepteur ex eu officia velit non consequat eu irure.
</about>
	</person>
	<person>
		<picture>http://lorempixel.com/64/64/people/</picture>
		<age>21</age>
		<name>Cecelia Bradford</name>
		<gender>female</gender>
		<company>Pasturia</company>
		<email>ceceliabradford@pasturia.com</email>
		<phone>+1 (842) 560-3534</phone>
		<address>936 Lynch Street, Blue, Maryland, 2461</address>
		<about>Voluptate ad aute commodo consectetur ullamco tempor minim ea ipsum enim laborum aute ex. Ex est ad eiusmod ex sit fugiat tempor reprehenderit. Amet non velit esse adipisicing aliquip adipisicing pariatur esse magna esse nisi sunt nisi. Labore qui consequat labore officia mollit sunt ut mollit aliquip anim. Ullamco pariatur laboris eu irure adipisicing sunt proident.
</about>
	</person>
	<person>
		<picture>http://lorempixel.com/64/64/people/</picture>
		<age>34</age>
		<name>Baldwin Fuller</name>
		<gender>male</gender>
		<company>Imageflow</company>
		<email>baldwinfuller@imageflow.com</email>
		<phone>+1 (834) 527-3144</phone>
		<address>869 Amity Street, Morgandale, Colorado, 1304</address>
		<about>Irure pariatur laboris ad quis proident aliqua voluptate cillum sunt veniam consequat magna officia. Sint duis occaecat aliquip magna anim fugiat in proident elit in. Voluptate fugiat sit qui quis esse aliquip dolore pariatur exercitation. Consequat reprehenderit elit esse nisi nisi ex sunt aliquip Lorem. In est ea incididunt ut ipsum qui nulla laboris amet dolore.
</about>
	</person>
	<person>
		<picture>http://lorempixel.com/64/64/people/</picture>
		<age>32</age>
		<name>Dale Miranda</name>
		<gender>male</gender>
		<company>Kongene</company>
		<email>dalemiranda@kongene.com</email>
		<phone>+1 (822) 533-3270</phone>
		<address>405 Onderdonk Avenue, Caspar, Wisconsin, 1708</address>
		<about>Exercitation laborum aliqua est aute sit ad eu minim. Quis magna proident nisi adipisicing veniam aute dolore culpa dolor nulla sunt excepteur. Irure do incididunt nulla aute ex. Qui exercitation tempor et consequat dolor consectetur est nostrud fugiat quis ut. Ut culpa consequat adipisicing mollit laboris pariatur deserunt sit sint.
</about>
	</person>
	<person>
		<picture>http://lorempixel.com/64/64/people/</picture>
		<age>24</age>
		<name>Lane Ramsey</name>
		<gender>male</gender>
		<company>Equicom</company>
		<email>laneramsey@equicom.com</email>
		<phone>+1 (960) 422-2390</phone>
		<address>899 Garnet Street, Marbury, Georgia, 8807</address>
		<about>Occaecat anim aliqua amet do mollit ex nisi in. Consequat magna do veniam mollit id laborum ex laboris aliquip. Cillum dolore deserunt aliqua ex aliquip sit occaecat occaecat. Enim amet in do proident veniam non velit aute ut dolor consectetur do. Nostrud ut est amet est sunt est velit cillum esse officia consectetur aliquip laborum amet. Sit et aute ut elit in mollit incididunt ipsum quis irure.
</about>
	</person>
	<person>
		<picture>http://lorempixel.com/64/64/people/</picture>
		<age>29</age>
		<name>Fletcher Fischer</name>
		<gender>male</gender>
		<company>Snips</company>
		<email>fletcherfischer@snips.com</email>
		<phone>+1 (851) 408-2909</phone>
		<address>642 Reed Street, Teasdale, Wyoming, 4771</address>
		<about>Nisi eu do est ut enim. In tempor non magna tempor incididunt in veniam exercitation fugiat laboris ea mollit dolor fugiat. Officia consequat officia sint do consequat dolore tempor qui culpa laboris laborum voluptate. Sunt mollit commodo ea nisi consequat consectetur excepteur dolor qui. Sit ipsum Lorem enim et officia nulla ea excepteur nisi. Enim excepteur anim amet eiusmod magna ut dolore. Officia officia laborum ea nostrud non ex enim.
</about>
	</person>
	<person>
		<picture>http://lorempixel.com/64/64/people/</picture>
		<age>29</age>
		<name>Milagros Greene</name>
		<gender>female</gender>
		<company>Zenthall</company>
		<email>milagrosgreene@zenthall.com</email>
		<phone>+1 (888) 487-3295</phone>
		<address>186 Malta Street, Sardis, Hawaii, 4598</address>
		<about>Dolore ex esse anim incididunt officia aliqua irure non adipisicing occaecat fugiat id eu Lorem. Do reprehenderit aliquip amet ea in cupidatat officia proident officia minim deserunt irure do duis. Exercitation irure excepteur ut anim ea consequat adipisicing dolore deserunt dolore ipsum. Magna esse ea velit ex anim aliqua do nostrud. Eu laborum consequat id officia elit in consectetur nisi ad deserunt irure magna mollit. Qui Lorem reprehenderit cillum duis nulla nulla deserunt voluptate ad.
</about>
	</person>
	<person>
		<picture>http://lorempixel.com/64/64/people/</picture>
		<age>23</age>
		<name>Boone Cline</name>
		<gender>male</gender>
		<company>Cogentry</company>
		<email>boonecline@cogentry.com</email>
		<phone>+1 (954) 421-2614</phone>
		<address>746 Bayview Place, Kapowsin, South Dakota, 8765</address>
		<about>Magna officia sunt aliquip ad aliquip labore irure ut ea excepteur esse nulla irure. Esse tempor consectetur aute elit ea aliquip dolore et mollit laboris. Commodo adipisicing elit incididunt id cillum ad in consequat. Deserunt incididunt et ex dolor minim nisi tempor aliqua do culpa do cillum eiusmod eu.
</about>
	</person>
	<person>
		<picture>http://lorempixel.com/64/64/people/</picture>
		<age>23</age>
		<name>Moore Campos</name>
		<gender>male</gender>
		<company>Grupoli</company>
		<email>moorecampos@grupoli.com</email>
		<phone>+1 (862) 408-2235</phone>
		<address>602 Willoughby Street, Mahtowa, Michigan, 8599</address>
		<about>Culpa incididunt sunt qui consectetur dolore incididunt commodo non et esse. Voluptate laboris aliqua ut eu. Aute aute anim excepteur aliqua sunt commodo ullamco exercitation voluptate pariatur cupidatat ex. Deserunt enim irure sunt officia minim laborum esse. Veniam pariatur officia cupidatat mollit elit ea ipsum esse anim occaecat ex deserunt sit.
</about>
	</person>
	<person>
		<picture>http://lorempixel.com/64/64/people/</picture>
		<age>27</age>
		<name>Sheryl Bond</name>
		<gender>female</gender>
		<company>Harmoney</company>
		<email>sherylbond@harmoney.com</email>
		<phone>+1 (939) 442-2909</phone>
		<address>641 Hope Street, Villarreal, Nevada, 9838</address>
		<about>Minim proident aliquip veniam velit aliqua esse minim eiusmod velit fugiat anim exercitation reprehenderit. Mollit culpa ea nisi quis ipsum dolor adipisicing laborum. Consectetur cillum do sint do aute culpa. Do ad elit ea incididunt deserunt. Officia Lorem quis sint do magna sint magna enim eiusmod sit commodo excepteur in. Reprehenderit exercitation ex culpa fugiat.
</about>
	</person>
	<person>
		<picture>http://lorempixel.com/64/64/people/</picture>
		<age>28</age>
		<name>Frederick Green</name>
		<gender>male</gender>
		<company>Interodeo</company>
		<email>frederickgreen@interodeo.com</email>
		<phone>+1 (852) 413-3269</phone>
		<address>428 Kings Hwy, Whitmer, Illinois, 5375</address>
		<about>Incididunt ut sint aliqua et et Lorem do elit nulla nulla esse. Enim magna et do tempor reprehenderit aliquip laboris eu officia do veniam dolor culpa voluptate. Magna labore velit commodo nulla ad eiusmod mollit magna tempor aute Lorem anim non. Ex sunt occaecat duis ea deserunt aute aute reprehenderit fugiat fugiat nulla. Deserunt occaecat enim mollit enim incididunt sunt ut sint officia elit dolore Lorem. Sint veniam ullamco culpa reprehenderit tempor duis sint. Dolor ipsum amet cupidatat excepteur irure sint ipsum nostrud eiusmod mollit ullamco do nisi laboris.
</about>
	</person>
	<person>
		<picture>http://lorempixel.com/64/64/people/</picture>
		<age>39</age>
		<name>Josephine Miles</name>
		<gender>female</gender>
		<company>Sultraxin</company>
		<email>josephinemiles@sultraxin.com</email>
		<phone>+1 (895) 426-3711</phone>
		<address>697 High Street, Esmont, Mississippi, 7635</address>
		<about>Commodo Lorem tempor nisi id cupidatat. Ad do aliqua eu consequat laborum sunt occaecat nulla do non esse consectetur. Reprehenderit id enim labore qui exercitation non aliquip. Ipsum ea pariatur aliquip Lorem dolor. Exercitation deserunt amet occaecat enim mollit irure magna fugiat fugiat magna dolor qui. Incididunt est commodo sunt fugiat id amet cupidatat non.
</about>
	</person>
</people>	
